itemset,length,support
AG_AMEACA=2,1,0.72434
AUTOR_SEXO=1,1,0.69162
REDE_SAU=1,1,0.59946
ORIENT_SEX=1,1,0.59362
CS_RACA=4,1,0.4703
OUT_VEZES=1,1,0.43266
SIT_CONJUG=1,1,0.39292
OUT_VEZES=2,1,0.38316
CS_RACA=1,1,0.37706
REDE_SAU=2,1,0.36268
SG_UF=35,1,0.24982
AG_AMEACA=1,1,0.23168
SIT_CONJUG=2,1,0.22818
CS_ESCOL_N=09,1,0.21382
ORIENT_SEX=8,1,0.20752
SIT_CONJUG=8,1,0.18648
CS_ESCOL_N=06,1,0.18244
AUTOR_SEXO=2,1,0.16086
CS_ESCOL_N=03,1,0.13514
SG_UF=33,1,0.12492
CS_ESCOL_N=10,1,0.11674
CS_RACA=2,1,0.09972
SG_UF=41,1,0.09388
CS_ESCOL_N=05,1,0.09292
SG_UF=31,1,0.08474
AUTOR_SEXO=3,1,0.07676
CS_ESCOL_N=01,1,0.05956
SIT_CONJUG=4,1,0.05888
CS_ESCOL_N=04,1,0.057
SG_UF=43,1,0.05592
SG_UF=23,1,0.04716
SG_UF=26,1,0.04424
CS_ESCOL_N=08,1,0.04244
SG_UF=29,1,0.03754
SG_UF=42,1,0.03372
SG_UF=52,1,0.03034
AUTOR_SEXO=1 & ORIENT_SEX=1,2,0.47382
AG_AMEACA=2 & AUTOR_SEXO=1,2,0.47004
AG_AMEACA=2 & REDE_SAU=1,2,0.46016
AG_AMEACA=2 & ORIENT_SEX=1,2,0.40618
AUTOR_SEXO=1 & REDE_SAU=1,2,0.40126
ORIENT_SEX=1 & REDE_SAU=1,2,0.3587
AUTOR_SEXO=1 & OUT_VEZES=1,2,0.34954
AG_AMEACA=2 & CS_RACA=4,2,0.34212
AUTOR_SEXO=1 & CS_RACA=4,2,0.32292
AG_AMEACA=2 & OUT_VEZES=2,2,0.3158
ORIENT_SEX=1 & OUT_VEZES=1,2,0.29904
AUTOR_SEXO=1 & SIT_CONJUG=1,2,0.29536
ORIENT_SEX=1 & SIT_CONJUG=1,2,0.29234
AG_AMEACA=2 & SIT_CONJUG=1,2,0.28268
CS_RACA=4 & REDE_SAU=1,2,0.2768
CS_RACA=4 & ORIENT_SEX=1,2,0.2762
AG_AMEACA=2 & CS_RACA=1,2,0.27362
AUTOR_SEXO=1 & REDE_SAU=2,2,0.2677
AG_AMEACA=2 & OUT_VEZES=1,2,0.26474
AUTOR_SEXO=1 & CS_RACA=1,2,0.25914
OUT_VEZES=2 & REDE_SAU=1,2,0.25094
AUTOR_SEXO=1 & OUT_VEZES=2,2,0.24526
AG_AMEACA=2 & REDE_SAU=2,2,0.24078
REDE_SAU=1 & SIT_CONJUG=1,2,0.23846
OUT_VEZES=1 & REDE_SAU=1,2,0.2384
CS_RACA=1 & REDE_SAU=1,2,0.23822
ORIENT_SEX=1 & OUT_VEZES=2,2,0.23082
CS_RACA=1 & ORIENT_SEX=1,2,0.22956
ORIENT_SEX=1 & REDE_SAU=2,2,0.22054
AG_AMEACA=1 & AUTOR_SEXO=1,2,0.19724
ORIENT_SEX=1 & SIT_CONJUG=2,2,0.19552
CS_RACA=4 & OUT_VEZES=1,2,0.195
AG_AMEACA=2 & SG_UF=35,2,0.19128
AUTOR_SEXO=1 & SIT_CONJUG=2,2,0.19122
CS_RACA=4 & SIT_CONJUG=1,2,0.18764
OUT_VEZES=1 & REDE_SAU=2,2,0.18248
REDE_SAU=1 & SG_UF=35,2,0.18198
AUTOR_SEXO=1 & SG_UF=35,2,0.18094
CS_RACA=4 & OUT_VEZES=2,2,0.18012
OUT_VEZES=1 & SIT_CONJUG=1,2,0.1753
AG_AMEACA=1 & ORIENT_SEX=1,2,0.17368
CS_RACA=4 & REDE_SAU=2,2,0.17328
OUT_VEZES=2 & SIT_CONJUG=1,2,0.1727
ORIENT_SEX=8 & SIT_CONJUG=8,2,0.1724
CS_RACA=1 & OUT_VEZES=1,2,0.16844
AG_AMEACA=2 & ORIENT_SEX=8,2,0.1676
ORIENT_SEX=1 & SG_UF=35,2,0.16752
AG_AMEACA=2 & CS_ESCOL_N=09,2,0.16258
AG_AMEACA=1 & OUT_VEZES=1,2,0.15632
AG_AMEACA=2 & SIT_CONJUG=2,2,0.15506
AG_AMEACA=2 & SIT_CONJUG=8,2,0.15166
CS_ESCOL_N=06 & ORIENT_SEX=1,2,0.15122
CS_RACA=1 & OUT_VEZES=2,2,0.1506
AUTOR_SEXO=1 & CS_ESCOL_N=06,2,0.14588
CS_RACA=1 & SIT_CONJUG=1,2,0.14376
REDE_SAU=2 & SIT_CONJUG=1,2,0.14238
AUTOR_SEXO=1 & CS_ESCOL_N=09,2,0.1357
REDE_SAU=1 & SIT_CONJUG=2,2,0.13416
AG_AMEACA=2 & AUTOR_SEXO=2,2,0.13254
ORIENT_SEX=8 & REDE_SAU=1,2,0.13006
CS_RACA=1 & REDE_SAU=2,2,0.12902
CS_RACA=1 & SG_UF=35,2,0.12826
OUT_VEZES=1 & SIT_CONJUG=2,2,0.12574
CS_ESCOL_N=09 & REDE_SAU=1,2,0.1236
OUT_VEZES=2 & REDE_SAU=2,2,0.12152
AG_AMEACA=2 & CS_ESCOL_N=06,2,0.121
REDE_SAU=1 & SIT_CONJUG=8,2,0.11662
AG_AMEACA=1 & REDE_SAU=1,2,0.1162
CS_ESCOL_N=10 & SIT_CONJUG=8,2,0.11598
CS_ESCOL_N=10 & ORIENT_SEX=8,2,0.11484
OUT_VEZES=1 & SG_UF=35,2,0.11122
AG_AMEACA=1 & REDE_SAU=2,2,0.11004
CS_ESCOL_N=09 & ORIENT_SEX=1,2,0.10922
CS_ESCOL_N=06 & REDE_SAU=1,2,0.10902
AUTOR_SEXO=1 & CS_ESCOL_N=03,2,0.1057
CS_RACA=4 & SIT_CONJUG=2,2,0.105
AG_AMEACA=1 & CS_RACA=4,2,0.10494
OUT_VEZES=2 & SG_UF=35,2,0.10432
CS_ESCOL_N=09 & CS_RACA=4,2,0.1025
AUTOR_SEXO=2 & REDE_SAU=1,2,0.10064
AG_AMEACA=2 & CS_ESCOL_N=10,2,0.09988
AUTOR_SEXO=1 & ORIENT_SEX=8,2,0.09972
AG_AMEACA=1 & SIT_CONJUG=1,2,0.09948
CS_RACA=4 & ORIENT_SEX=8,2,0.0978
SG_UF=35 & SIT_CONJUG=1,2,0.0972
AG_AMEACA=2 & CS_ESCOL_N=03,2,0.09654
AG_AMEACA=1 & CS_RACA=1,2,0.09154
CS_ESCOL_N=03 & ORIENT_SEX=1,2,0.09108
CS_ESCOL_N=06 & OUT_VEZES=1,2,0.09044
CS_RACA=4 & SG_UF=35,2,0.0896
ORIENT_SEX=8 & OUT_VEZES=2,2,0.08918
CS_RACA=1 & SIT_CONJUG=2,2,0.0886
CS_RACA=4 & SIT_CONJUG=8,2,0.08744
CS_ESCOL_N=06 & SIT_CONJUG=1,2,0.08716
AUTOR_SEXO=1 & SIT_CONJUG=8,2,0.08628
REDE_SAU=2 & SIT_CONJUG=2,2,0.08604
AG_AMEACA=2 & SG_UF=33,2,0.0854
CS_ESCOL_N=06 & CS_RACA=4,2,0.0832
CS_ESCOL_N=03 & REDE_SAU=1,2,0.0827
CS_RACA=1 & ORIENT_SEX=8,2,0.08262
AUTOR_SEXO=1 & SG_UF=33,2,0.08212
AUTOR_SEXO=2 & OUT_VEZES=2,2,0.08164
OUT_VEZES=2 & SIT_CONJUG=8,2,0.07978
CS_ESCOL_N=03 & SIT_CONJUG=1,2,0.07756
CS_ESCOL_N=06 & OUT_VEZES=2,2,0.07664
AUTOR_SEXO=2 & ORIENT_SEX=1,2,0.07602
CS_ESCOL_N=06 & CS_RACA=1,2,0.07542
CS_RACA=1 & SIT_CONJUG=8,2,0.0752
AUTOR_SEXO=1 & CS_RACA=2,2,0.07494
CS_ESCOL_N=10 & REDE_SAU=1,2,0.07488
CS_ESCOL_N=09 & REDE_SAU=2,2,0.0744
OUT_VEZES=2 & SIT_CONJUG=2,2,0.0739
ORIENT_SEX=8 & REDE_SAU=2,2,0.07264
AUTOR_SEXO=1 & CS_ESCOL_N=05,2,0.072
AUTOR_SEXO=2 & CS_RACA=4,2,0.07188
CS_ESCOL_N=03 & OUT_VEZES=1,2,0.07136
CS_ESCOL_N=05 & ORIENT_SEX=1,2,0.07108
CS_ESCOL_N=09 & OUT_VEZES=1,2,0.07064
AG_AMEACA=2 & CS_RACA=2,2,0.06952
ORIENT_SEX=1 & SG_UF=33,2,0.0692
CS_ESCOL_N=03 & CS_RACA=4,2,0.06902
AG_AMEACA=1 & SIT_CONJUG=2,2,0.06824
CS_ESCOL_N=06 & REDE_SAU=2,2,0.06812
CS_ESCOL_N=09 & CS_RACA=1,2,0.06738
ORIENT_SEX=8 & OUT_VEZES=1,2,0.06732
AUTOR_SEXO=2 & CS_RACA=1,2,0.06676
CS_ESCOL_N=09 & SIT_CONJUG=1,2,0.0667
AG_AMEACA=2 & SG_UF=41,2,0.0665
SG_UF=35 & SIT_CONJUG=2,2,0.06646
REDE_SAU=1 & SG_UF=33,2,0.06642
CS_RACA=2 & ORIENT_SEX=1,2,0.06616
AG_AMEACA=2 & CS_ESCOL_N=05,2,0.06588
CS_ESCOL_N=06 & SG_UF=35,2,0.06528
REDE_SAU=2 & SIT_CONJUG=8,2,0.06486
CS_ESCOL_N=09 & OUT_VEZES=2,2,0.06468
AG_AMEACA=2 & SG_UF=31,2,0.06424
AG_AMEACA=2 & AUTOR_SEXO=3,2,0.0639
CS_ESCOL_N=06 & SIT_CONJUG=2,2,0.0633
REDE_SAU=2 & SG_UF=35,2,0.0628
AUTOR_SEXO=1 & SG_UF=31,2,0.06168
AUTOR_SEXO=1 & SG_UF=41,2,0.06028
AUTOR_SEXO=2 & SIT_CONJUG=1,2,0.05938
OUT_VEZES=1 & SIT_CONJUG=8,2,0.05922
CS_RACA=4 & SG_UF=33,2,0.05814
CS_RACA=1 & SG_UF=41,2,0.05792
AG_AMEACA=1 & CS_ESCOL_N=06,2,0.05782
CS_RACA=2 & REDE_SAU=1,2,0.05752
CS_ESCOL_N=05 & SIT_CONJUG=1,2,0.05722
AG_AMEACA=1 & OUT_VEZES=2,2,0.05676
CS_ESCOL_N=05 & REDE_SAU=1,2,0.05658
AUTOR_SEXO=2 & REDE_SAU=2,2,0.05536
REDE_SAU=1 & SG_UF=31,2,0.055
CS_ESCOL_N=10 & OUT_VEZES=2,2,0.05468
CS_ESCOL_N=10 & CS_RACA=4,2,0.05398
AUTOR_SEXO=3 & REDE_SAU=1,2,0.0528
AUTOR_SEXO=2 & ORIENT_SEX=8,2,0.05276
OUT_VEZES=1 & SG_UF=33,2,0.05218
AG_AMEACA=1 & SG_UF=35,2,0.0513
SG_UF=33 & SIT_CONJUG=1,2,0.05124
REDE_SAU=1 & SG_UF=41,2,0.05118
ORIENT_SEX=1 & SIT_CONJUG=4,2,0.05022
CS_ESCOL_N=09 & SIT_CONJUG=2,2,0.05012
ORIENT_SEX=1 & SG_UF=31,2,0.0501
CS_ESCOL_N=03 & REDE_SAU=2,2,0.0497
ORIENT_SEX=1 & SG_UF=41,2,0.04968
AUTOR_SEXO=2 & OUT_VEZES=1,2,0.04944
CS_RACA=2 & OUT_VEZES=1,2,0.04942
AUTOR_SEXO=1 & SIT_CONJUG=4,2,0.04904
CS_ESCOL_N=10 & CS_RACA=1,2,0.04878
CS_ESCOL_N=03 & OUT_VEZES=2,2,0.0485
AUTOR_SEXO=2 & SIT_CONJUG=8,2,0.04814
REDE_SAU=2 & SG_UF=33,2,0.04746
CS_ESCOL_N=05 & CS_RACA=4,2,0.04596
CS_RACA=2 & SIT_CONJUG=1,2,0.04562
CS_ESCOL_N=03 & CS_RACA=1,2,0.04562
CS_ESCOL_N=05 & OUT_VEZES=1,2,0.0454
CS_ESCOL_N=09 & SG_UF=35,2,0.04492
AUTOR_SEXO=2 & SG_UF=35,2,0.0442
AUTOR_SEXO=1 & CS_ESCOL_N=04,2,0.04366
CS_ESCOL_N=04 & ORIENT_SEX=1,2,0.0436
ORIENT_SEX=8 & SG_UF=35,2,0.04352
OUT_VEZES=2 & SG_UF=33,2,0.04338
OUT_VEZES=1 & SG_UF=41,2,0.04324
CS_ESCOL_N=09 & SG_UF=33,2,0.04292
AG_AMEACA=2 & CS_ESCOL_N=01,2,0.0428
CS_RACA=1 & SG_UF=43,2,0.04266
AUTOR_SEXO=1 & CS_ESCOL_N=10,2,0.04266
CS_RACA=4 & SG_UF=31,2,0.04262
SG_UF=35 & SIT_CONJUG=8,2,0.04154
REDE_SAU=2 & SG_UF=41,2,0.0412
AG_AMEACA=2 & CS_ESCOL_N=04,2,0.04108
AUTOR_SEXO=1 & SG_UF=43,2,0.04012
CS_ESCOL_N=05 & OUT_VEZES=2,2,0.0389
CS_ESCOL_N=10 & REDE_SAU=2,2,0.03882
AUTOR_SEXO=3 & ORIENT_SEX=8,2,0.0385
CS_RACA=2 & REDE_SAU=2,2,0.0381
CS_ESCOL_N=01 & REDE_SAU=1,2,0.038
AUTOR_SEXO=1 & CS_ESCOL_N=01,2,0.03772
CS_RACA=1 & SG_UF=33,2,0.0368
AUTOR_SEXO=3 & SIT_CONJUG=8,2,0.03676
CS_RACA=2 & OUT_VEZES=2,2,0.03628
AUTOR_SEXO=3 & CS_RACA=4,2,0.03558
OUT_VEZES=1 & SIT_CONJUG=4,2,0.03554
CS_ESCOL_N=08 & ORIENT_SEX=1,2,0.0355
AG_AMEACA=2 & SG_UF=43,2,0.03528
CS_ESCOL_N=04 & REDE_SAU=1,2,0.03518
AUTOR_SEXO=2 & CS_ESCOL_N=10,2,0.03498
OUT_VEZES=2 & SG_UF=41,2,0.03478
AG_AMEACA=1 & CS_ESCOL_N=09,2,0.03476
CS_RACA=4 & SG_UF=23,2,0.0346
OUT_VEZES=2 & SG_UF=31,2,0.03448
OUT_VEZES=1 & SG_UF=31,2,0.03436
AUTOR_SEXO=3 & OUT_VEZES=2,2,0.03428
AG_AMEACA=1 & CS_ESCOL_N=03,2,0.03422
REDE_SAU=1 & SG_UF=43,2,0.03414
CS_ESCOL_N=05 & REDE_SAU=2,2,0.034
AG_AMEACA=2 & SIT_CONJUG=4,2,0.034
AUTOR_SEXO=1 & SG_UF=23,2,0.03382
ORIENT_SEX=1 & SG_UF=43,2,0.03366
CS_ESCOL_N=05 & CS_RACA=1,2,0.03364
SG_UF=31 & SIT_CONJUG=1,2,0.03362
AUTOR_SEXO=1 & CS_ESCOL_N=08,2,0.03358
CS_RACA=4 & SG_UF=26,2,0.03224
AUTOR_SEXO=3 & CS_RACA=1,2,0.03222
REDE_SAU=1 & SIT_CONJUG=4,2,0.03218
AG_AMEACA=2 & SG_UF=26,2,0.0318
ORIENT_SEX=1 & SG_UF=23,2,0.03154
AUTOR_SEXO=2 & CS_ESCOL_N=09,2,0.0309
CS_ESCOL_N=01 & OUT_VEZES=1,2,0.03006
AG_AMEACA=2 & AUTOR_SEXO=1 & ORIENT_SEX=1,3,0.31032
AG_AMEACA=2 & AUTOR_SEXO=1 & REDE_SAU=1,3,0.2946
AUTOR_SEXO=1 & ORIENT_SEX=1 & REDE_SAU=1,3,0.27698
AG_AMEACA=2 & ORIENT_SEX=1 & REDE_SAU=1,3,0.26664
AUTOR_SEXO=1 & ORIENT_SEX=1 & OUT_VEZES=1,3,0.25906
AUTOR_SEXO=1 & ORIENT_SEX=1 & SIT_CONJUG=1,3,0.22916
AUTOR_SEXO=1 & CS_RACA=4 & ORIENT_SEX=1,3,0.22242
AG_AMEACA=2 & AUTOR_SEXO=1 & CS_RACA=4,3,0.22034
AG_AMEACA=2 & CS_RACA=4 & REDE_SAU=1,3,0.21416
AG_AMEACA=2 & OUT_VEZES=2 & REDE_SAU=1,3,0.2106
AG_AMEACA=2 & ORIENT_SEX=1 & SIT_CONJUG=1,3,0.20606
AG_AMEACA=2 & AUTOR_SEXO=1 & OUT_VEZES=1,3,0.20314
AG_AMEACA=2 & AUTOR_SEXO=1 & SIT_CONJUG=1,3,0.20296
AG_AMEACA=2 & AUTOR_SEXO=1 & OUT_VEZES=2,3,0.1942
AG_AMEACA=2 & CS_RACA=4 & ORIENT_SEX=1,3,0.18796
AUTOR_SEXO=1 & OUT_VEZES=1 & REDE_SAU=1,3,0.18646
AUTOR_SEXO=1 & ORIENT_SEX=1 & REDE_SAU=2,3,0.18566
AG_AMEACA=2 & ORIENT_SEX=1 & OUT_VEZES=2,3,0.18504
AG_AMEACA=2 & REDE_SAU=1 & SIT_CONJUG=1,3,0.18312
AG_AMEACA=2 & CS_RACA=1 & REDE_SAU=1,3,0.18246
AUTOR_SEXO=1 & CS_RACA=4 & REDE_SAU=1,3,0.18216
ORIENT_SEX=1 & REDE_SAU=1 & SIT_CONJUG=1,3,0.17956
AUTOR_SEXO=1 & CS_RACA=1 & ORIENT_SEX=1,3,0.17948
AG_AMEACA=2 & AUTOR_SEXO=1 & CS_RACA=1,3,0.17586
AUTOR_SEXO=1 & REDE_SAU=1 & SIT_CONJUG=1,3,0.17538
AG_AMEACA=2 & ORIENT_SEX=1 & OUT_VEZES=1,3,0.17182
AUTOR_SEXO=1 & ORIENT_SEX=1 & OUT_VEZES=2,3,0.16732
AUTOR_SEXO=1 & ORIENT_SEX=1 & SIT_CONJUG=2,3,0.1662
ORIENT_SEX=1 & OUT_VEZES=1 & REDE_SAU=1,3,0.16446
AG_AMEACA=2 & AUTOR_SEXO=1 & REDE_SAU=2,3,0.16258
AUTOR_SEXO=1 & CS_RACA=4 & OUT_VEZES=1,3,0.16238
CS_RACA=4 & ORIENT_SEX=1 & REDE_SAU=1,3,0.16204
AG_AMEACA=2 & OUT_VEZES=1 & REDE_SAU=1,3,0.16104
AUTOR_SEXO=1 & OUT_VEZES=2 & REDE_SAU=1,3,0.15964
AUTOR_SEXO=1 & CS_RACA=1 & REDE_SAU=1,3,0.15958
AG_AMEACA=2 & CS_RACA=1 & ORIENT_SEX=1,3,0.15766
ORIENT_SEX=1 & OUT_VEZES=2 & REDE_SAU=1,3,0.1565
AUTOR_SEXO=1 & OUT_VEZES=1 & REDE_SAU=2,3,0.15372
AG_AMEACA=1 & AUTOR_SEXO=1 & ORIENT_SEX=1,3,0.15284
AG_AMEACA=2 & CS_RACA=4 & OUT_VEZES=2,3,0.14866
CS_RACA=1 & ORIENT_SEX=1 & REDE_SAU=1,3,0.14476
AUTOR_SEXO=1 & OUT_VEZES=1 & SIT_CONJUG=1,3,0.14368
AUTOR_SEXO=1 & CS_RACA=4 & SIT_CONJUG=1,3,0.14194
AG_AMEACA=2 & REDE_SAU=1 & SG_UF=35,3,0.14168
AG_AMEACA=2 & ORIENT_SEX=8 & SIT_CONJUG=8,3,0.14084
AG_AMEACA=2 & OUT_VEZES=2 & SIT_CONJUG=1,3,0.13958
CS_RACA=4 & ORIENT_SEX=1 & SIT_CONJUG=1,3,0.13906
AG_AMEACA=1 & AUTOR_SEXO=1 & OUT_VEZES=1,3,0.13792
CS_RACA=4 & ORIENT_SEX=1 & OUT_VEZES=1,3,0.13718
ORIENT_SEX=1 & OUT_VEZES=1 & SIT_CONJUG=1,3,0.13508
AG_AMEACA=2 & AUTOR_SEXO=1 & SG_UF=35,3,0.1348
AG_AMEACA=2 & CS_RACA=4 & SIT_CONJUG=1,3,0.13382
ORIENT_SEX=1 & OUT_VEZES=2 & SIT_CONJUG=1,3,0.13216
AG_AMEACA=2 & ORIENT_SEX=1 & REDE_SAU=2,3,0.13152
AG_AMEACA=2 & ORIENT_SEX=1 & SIT_CONJUG=2,3,0.13152
AUTOR_SEXO=1 & REDE_SAU=1 & SG_UF=35,3,0.13128
AUTOR_SEXO=1 & CS_RACA=1 & OUT_VEZES=1,3,0.13108
AUTOR_SEXO=1 & ORIENT_SEX=1 & SG_UF=35,3,0.13066
AUTOR_SEXO=1 & CS_RACA=4 & REDE_SAU=2,3,0.12888
ORIENT_SEX=1 & OUT_VEZES=1 & REDE_SAU=2,3,0.12778
AG_AMEACA=2 & AUTOR_SEXO=1 & SIT_CONJUG=2,3,0.12578
AG_AMEACA=2 & CS_RACA=1 & OUT_VEZES=2,3,0.12478
AUTOR_SEXO=1 & CS_ESCOL_N=06 & ORIENT_SEX=1,3,0.12462
AG_AMEACA=2 & ORIENT_SEX=1 & SG_UF=35,3,0.12416
AUTOR_SEXO=1 & OUT_VEZES=2 & SIT_CONJUG=1,3,0.1234
ORIENT_SEX=1 & REDE_SAU=1 & SG_UF=35,3,0.12258
AG_AMEACA=1 & ORIENT_SEX=1 & OUT_VEZES=1,3,0.12212
AG_AMEACA=2 & CS_RACA=4 & OUT_VEZES=1,3,0.11802
ORIENT_SEX=1 & REDE_SAU=1 & SIT_CONJUG=2,3,0.1171
CS_RACA=4 & OUT_VEZES=2 & REDE_SAU=1,3,0.11612
CS_RACA=1 & ORIENT_SEX=1 & OUT_VEZES=1,3,0.11596
AG_AMEACA=2 & CS_RACA=4 & REDE_SAU=2,3,0.11556
OUT_VEZES=2 & REDE_SAU=1 & SIT_CONJUG=1,3,0.11506
CS_ESCOL_N=10 & ORIENT_SEX=8 & SIT_CONJUG=8,3,0.11474
AUTOR_SEXO=1 & CS_RACA=4 & OUT_VEZES=2,3,0.11404
AUTOR_SEXO=1 & OUT_VEZES=1 & SIT_CONJUG=2,3,0.11326
AUTOR_SEXO=1 & REDE_SAU=2 & SIT_CONJUG=1,3,0.11168
ORIENT_SEX=1 & OUT_VEZES=1 & SIT_CONJUG=2,3,0.11032
CS_RACA=4 & REDE_SAU=1 & SIT_CONJUG=1,3,0.10966
AUTOR_SEXO=1 & REDE_SAU=1 & SIT_CONJUG=2,3,0.10948
ORIENT_SEX=8 & REDE_SAU=1 & SIT_CONJUG=8,3,0.10848
CS_RACA=1 & ORIENT_SEX=1 & SIT_CONJUG=1,3,0.10836
AG_AMEACA=2 & ORIENT_SEX=8 & REDE_SAU=1,3,0.10718
AG_AMEACA=2 & OUT_VEZES=1 & SIT_CONJUG=1,3,0.10714
CS_RACA=4 & ORIENT_SEX=1 & OUT_VEZES=2,3,0.10676
CS_RACA=4 & ORIENT_SEX=1 & REDE_SAU=2,3,0.10676
AUTOR_SEXO=1 & CS_RACA=1 & SIT_CONJUG=1,3,0.10632
ORIENT_SEX=1 & REDE_SAU=2 & SIT_CONJUG=1,3,0.1062
AG_AMEACA=2 & CS_RACA=1 & SIT_CONJUG=1,3,0.105
AG_AMEACA=2 & CS_RACA=1 & OUT_VEZES=1,3,0.10416
CS_RACA=4 & OUT_VEZES=1 & REDE_SAU=1,3,0.10366
CS_RACA=1 & OUT_VEZES=2 & REDE_SAU=1,3,0.10254
AG_AMEACA=2 & CS_ESCOL_N=10 & SIT_CONJUG=8,3,0.09924
AG_AMEACA=2 & AUTOR_SEXO=1 & CS_ESCOL_N=09,3,0.09898
AG_AMEACA=2 & CS_ESCOL_N=06 & ORIENT_SEX=1,3,0.09882
CS_RACA=1 & OUT_VEZES=1 & REDE_SAU=1,3,0.09874
AG_AMEACA=2 & OUT_VEZES=2 & REDE_SAU=2,3,0.09846
AG_AMEACA=2 & CS_ESCOL_N=10 & ORIENT_SEX=8,3,0.0982
AG_AMEACA=2 & OUT_VEZES=1 & REDE_SAU=2,3,0.09782
AG_AMEACA=2 & REDE_SAU=1 & SIT_CONJUG=2,3,0.09766
AG_AMEACA=2 & CS_ESCOL_N=09 & REDE_SAU=1,3,0.09736
AG_AMEACA=1 & AUTOR_SEXO=1 & REDE_SAU=2,3,0.09708
AG_AMEACA=2 & CS_RACA=1 & SG_UF=35,3,0.09692
AG_AMEACA=2 & REDE_SAU=1 & SIT_CONJUG=8,3,0.0966
AG_AMEACA=1 & AUTOR_SEXO=1 & REDE_SAU=1,3,0.09554
OUT_VEZES=1 & REDE_SAU=1 & SIT_CONJUG=1,3,0.09524
AUTOR_SEXO=1 & CS_RACA=1 & OUT_VEZES=2,3,0.0951
AUTOR_SEXO=1 & CS_RACA=1 & REDE_SAU=2,3,0.09328
CS_RACA=1 & REDE_SAU=1 & SIT_CONJUG=1,3,0.09316
AG_AMEACA=2 & REDE_SAU=2 & SIT_CONJUG=1,3,0.09262
CS_RACA=1 & REDE_SAU=1 & SG_UF=35,3,0.09248
AUTOR_SEXO=1 & CS_RACA=1 & SG_UF=35,3,0.092
AG_AMEACA=2 & AUTOR_SEXO=1 & CS_ESCOL_N=06,3,0.0917
CS_RACA=1 & ORIENT_SEX=1 & OUT_VEZES=2,3,0.0916
CS_ESCOL_N=06 & ORIENT_SEX=1 & REDE_SAU=1,3,0.09154
AG_AMEACA=1 & AUTOR_SEXO=1 & CS_RACA=4,3,0.09056
CS_RACA=4 & ORIENT_SEX=1 & SIT_CONJUG=2,3,0.08994
AUTOR_SEXO=1 & OUT_VEZES=1 & SG_UF=35,3,0.08878
AUTOR_SEXO=1 & CS_RACA=4 & SIT_CONJUG=2,3,0.08848
AG_AMEACA=2 & OUT_VEZES=2 & SG_UF=35,3,0.08776
CS_RACA=4 & OUT_VEZES=1 & REDE_SAU=2,3,0.08588
AG_AMEACA=1 & ORIENT_SEX=1 & REDE_SAU=2,3,0.08564
CS_RACA=1 & ORIENT_SEX=1 & SG_UF=35,3,0.08522
AG_AMEACA=2 & CS_RACA=1 & REDE_SAU=2,3,0.08508
AG_AMEACA=1 & ORIENT_SEX=1 & REDE_SAU=1,3,0.08486
AG_AMEACA=1 & AUTOR_SEXO=1 & SIT_CONJUG=1,3,0.0844
AUTOR_SEXO=1 & CS_ESCOL_N=06 & REDE_SAU=1,3,0.0842
AG_AMEACA=2 & AUTOR_SEXO=2 & REDE_SAU=1,3,0.08394
AUTOR_SEXO=1 & CS_ESCOL_N=09 & ORIENT_SEX=1,3,0.08278
CS_RACA=4 & OUT_VEZES=1 & SIT_CONJUG=1,3,0.08274
CS_RACA=4 & OUT_VEZES=2 & SIT_CONJUG=1,3,0.08134
AG_AMEACA=1 & CS_RACA=4 & ORIENT_SEX=1,3,0.08118
ORIENT_SEX=1 & OUT_VEZES=1 & SG_UF=35,3,0.08112
AG_AMEACA=1 & OUT_VEZES=1 & REDE_SAU=2,3,0.08102
AG_AMEACA=2 & CS_ESCOL_N=09 & ORIENT_SEX=1,3,0.08096
CS_RACA=1 & ORIENT_SEX=1 & REDE_SAU=2,3,0.0804
CS_RACA=4 & ORIENT_SEX=8 & SIT_CONJUG=8,3,0.08032
AG_AMEACA=2 & CS_ESCOL_N=06 & REDE_SAU=1,3,0.08026
AG_AMEACA=1 & ORIENT_SEX=1 & SIT_CONJUG=1,3,0.08014
AUTOR_SEXO=1 & CS_ESCOL_N=06 & OUT_VEZES=1,3,0.08
OUT_VEZES=2 & REDE_SAU=1 & SG_UF=35,3,0.07984
AG_AMEACA=2 & CS_ESCOL_N=09 & CS_RACA=4,3,0.07938
AG_AMEACA=2 & CS_RACA=4 & ORIENT_SEX=8,3,0.07926
AG_AMEACA=2 & ORIENT_SEX=8 & OUT_VEZES=2,3,0.07924
AUTOR_SEXO=1 & OUT_VEZES=2 & REDE_SAU=2,3,0.07882
CS_ESCOL_N=06 & ORIENT_SEX=1 & OUT_VEZES=1,3,0.07822
OUT_VEZES=1 & REDE_SAU=1 & SG_UF=35,3,0.07732
CS_RACA=1 & ORIENT_SEX=1 & SIT_CONJUG=2,3,0.07704
AUTOR_SEXO=1 & ORIENT_SEX=8 & SIT_CONJUG=8,3,0.07704
AG_AMEACA=2 & OUT_VEZES=1 & SG_UF=35,3,0.07644
AG_AMEACA=1 & AUTOR_SEXO=1 & CS_RACA=1,3,0.07614
ORIENT_SEX=1 & SG_UF=35 & SIT_CONJUG=1,3,0.07594
AG_AMEACA=2 & SG_UF=35 & SIT_CONJUG=1,3,0.07586
AUTOR_SEXO=1 & REDE_SAU=2 & SIT_CONJUG=2,3,0.07556
OUT_VEZES=1 & REDE_SAU=2 & SIT_CONJUG=1,3,0.07526
AG_AMEACA=2 & AUTOR_SEXO=1 & ORIENT_SEX=8,3,0.07474
CS_ESCOL_N=10 & REDE_SAU=1 & SIT_CONJUG=8,3,0.07456
ORIENT_SEX=8 & OUT_VEZES=2 & SIT_CONJUG=8,3,0.07446
CS_ESCOL_N=10 & ORIENT_SEX=8 & REDE_SAU=1,3,0.07412
AUTOR_SEXO=1 & CS_ESCOL_N=03 & ORIENT_SEX=1,3,0.0738
AUTOR_SEXO=1 & CS_ESCOL_N=09 & REDE_SAU=1,3,0.07378
ORIENT_SEX=1 & REDE_SAU=2 & SIT_CONJUG=2,3,0.07366
REDE_SAU=1 & SG_UF=35 & SIT_CONJUG=1,3,0.07364
AUTOR_SEXO=1 & CS_RACA=1 & SIT_CONJUG=2,3,0.07328
AG_AMEACA=2 & AUTOR_SEXO=1 & CS_ESCOL_N=03,3,0.07262
AG_AMEACA=2 & OUT_VEZES=1 & SIT_CONJUG=2,3,0.0726
ORIENT_SEX=1 & OUT_VEZES=2 & SG_UF=35,3,0.07202
AG_AMEACA=2 & CS_RACA=4 & SIT_CONJUG=2,3,0.072
AG_AMEACA=1 & OUT_VEZES=1 & REDE_SAU=1,3,0.07198
AG_AMEACA=1 & CS_RACA=4 & OUT_VEZES=1,3,0.07182
AUTOR_SEXO=1 & OUT_VEZES=2 & SG_UF=35,3,0.0715
CS_ESCOL_N=06 & ORIENT_SEX=1 & SIT_CONJUG=1,3,0.0715
CS_RACA=4 & REDE_SAU=2 & SIT_CONJUG=1,3,0.0715
AG_AMEACA=2 & OUT_VEZES=2 & SIT_CONJUG=8,3,0.07126
AUTOR_SEXO=1 & SG_UF=35 & SIT_CONJUG=1,3,0.07122
AG_AMEACA=2 & CS_RACA=4 & SIT_CONJUG=8,3,0.07098
AG_AMEACA=2 & AUTOR_SEXO=2 & OUT_VEZES=2,3,0.07094
CS_RACA=1 & ORIENT_SEX=8 & SIT_CONJUG=8,3,0.07054
AG_AMEACA=2 & CS_RACA=4 & SG_UF=35,3,0.07024
OUT_VEZES=1 & REDE_SAU=1 & SIT_CONJUG=2,3,0.06974
ORIENT_SEX=1 & OUT_VEZES=2 & REDE_SAU=2,3,0.06946
CS_ESCOL_N=06 & CS_RACA=4 & ORIENT_SEX=1,3,0.06862
AUTOR_SEXO=1 & CS_ESCOL_N=06 & SIT_CONJUG=1,3,0.06792
AG_AMEACA=2 & CS_RACA=1 & ORIENT_SEX=8,3,0.06772
AG_AMEACA=1 & CS_RACA=1 & ORIENT_SEX=1,3,0.0675
AUTOR_SEXO=1 & CS_ESCOL_N=06 & CS_RACA=4,3,0.0673
CS_RACA=4 & REDE_SAU=1 & SG_UF=35,3,0.06676
CS_RACA=1 & OUT_VEZES=2 & SIT_CONJUG=1,3,0.06622
AUTOR_SEXO=1 & CS_RACA=4 & SG_UF=35,3,0.06604
CS_RACA=1 & OUT_VEZES=1 & REDE_SAU=2,3,0.06582
AG_AMEACA=2 & AUTOR_SEXO=1 & SIT_CONJUG=8,3,0.065
AG_AMEACA=2 & CS_ESCOL_N=10 & REDE_SAU=1,3,0.06462
AG_AMEACA=1 & OUT_VEZES=1 & SIT_CONJUG=1,3,0.0643
AG_AMEACA=2 & CS_ESCOL_N=03 & ORIENT_SEX=1,3,0.0643
CS_ESCOL_N=09 & ORIENT_SEX=1 & REDE_SAU=1,3,0.06426
AUTOR_SEXO=1 & CS_ESCOL_N=03 & REDE_SAU=1,3,0.06368
ORIENT_SEX=1 & OUT_VEZES=2 & SIT_CONJUG=2,3,0.06364
CS_RACA=1 & OUT_VEZES=1 & SIT_CONJUG=1,3,0.06298
CS_ESCOL_N=06 & CS_RACA=1 & ORIENT_SEX=1,3,0.06296
CS_ESCOL_N=06 & ORIENT_SEX=1 & OUT_VEZES=2,3,0.06254
AG_AMEACA=2 & CS_RACA=1 & SIT_CONJUG=8,3,0.06254
AUTOR_SEXO=1 & CS_ESCOL_N=09 & CS_RACA=4,3,0.0624
AG_AMEACA=2 & CS_ESCOL_N=03 & REDE_SAU=1,3,0.06202
AG_AMEACA=1 & AUTOR_SEXO=1 & SIT_CONJUG=2,3,0.0617
CS_ESCOL_N=09 & CS_RACA=4 & REDE_SAU=1,3,0.06144
AUTOR_SEXO=1 & ORIENT_SEX=8 & REDE_SAU=1,3,0.06124
CS_RACA=4 & ORIENT_SEX=1 & SG_UF=35,3,0.06108
CS_RACA=4 & ORIENT_SEX=8 & REDE_SAU=1,3,0.061
AG_AMEACA=2 & CS_ESCOL_N=06 & OUT_VEZES=2,3,0.06086
AG_AMEACA=1 & ORIENT_SEX=1 & SIT_CONJUG=2,3,0.06062
AG_AMEACA=1 & CS_RACA=1 & OUT_VEZES=1,3,0.06042
AG_AMEACA=2 & AUTOR_SEXO=2 & ORIENT_SEX=1,3,0.0603
CS_RACA=4 & REDE_SAU=1 & SIT_CONJUG=2,3,0.06028
ORIENT_SEX=8 & REDE_SAU=2 & SIT_CONJUG=8,3,0.05982
AUTOR_SEXO=1 & CS_ESCOL_N=03 & SIT_CONJUG=1,3,0.05974
ORIENT_SEX=1 & SG_UF=35 & SIT_CONJUG=2,3,0.05968
AG_AMEACA=2 & AUTOR_SEXO=2 & CS_RACA=4,3,0.05958
AG_AMEACA=2 & CS_RACA=1 & SIT_CONJUG=2,3,0.05944
AG_AMEACA=2 & CS_ESCOL_N=06 & SIT_CONJUG=1,3,0.05932
AG_AMEACA=2 & OUT_VEZES=2 & SIT_CONJUG=2,3,0.0592
AUTOR_SEXO=1 & CS_ESCOL_N=06 & CS_RACA=1,3,0.05916
AUTOR_SEXO=1 & CS_ESCOL_N=03 & OUT_VEZES=1,3,0.059
CS_RACA=4 & OUT_VEZES=2 & REDE_SAU=2,3,0.05814
AG_AMEACA=2 & ORIENT_SEX=8 & REDE_SAU=2,3,0.0578
AUTOR_SEXO=1 & CS_ESCOL_N=06 & REDE_SAU=2,3,0.05776
ORIENT_SEX=8 & OUT_VEZES=2 & REDE_SAU=1,3,0.0574
AG_AMEACA=2 & CS_ESCOL_N=03 & SIT_CONJUG=1,3,0.05706
AUTOR_SEXO=1 & CS_ESCOL_N=05 & ORIENT_SEX=1,3,0.05694
CS_ESCOL_N=03 & ORIENT_SEX=1 & REDE_SAU=1,3,0.05688
CS_ESCOL_N=06 & ORIENT_SEX=1 & REDE_SAU=2,3,0.0568
CS_ESCOL_N=06 & ORIENT_SEX=1 & SIT_CONJUG=2,3,0.0566
CS_RACA=4 & OUT_VEZES=1 & SIT_CONJUG=2,3,0.05638
CS_ESCOL_N=03 & ORIENT_SEX=1 & SIT_CONJUG=1,3,0.0561
AUTOR_SEXO=1 & CS_ESCOL_N=09 & OUT_VEZES=1,3,0.05598
CS_ESCOL_N=06 & ORIENT_SEX=1 & SG_UF=35,3,0.05596
AG_AMEACA=2 & AUTOR_SEXO=1 & SG_UF=33,3,0.05586
AUTOR_SEXO=1 & CS_ESCOL_N=03 & CS_RACA=4,3,0.0555
CS_RACA=1 & OUT_VEZES=1 & SG_UF=35,3,0.05534
CS_RACA=1 & OUT_VEZES=2 & SG_UF=35,3,0.0553
AUTOR_SEXO=1 & OUT_VEZES=2 & SIT_CONJUG=2,3,0.0552
AG_AMEACA=2 & AUTOR_SEXO=2 & CS_RACA=1,3,0.05518
AUTOR_SEXO=1 & SG_UF=35 & SIT_CONJUG=2,3,0.05512
AUTOR_SEXO=1 & CS_ESCOL_N=06 & OUT_VEZES=2,3,0.05502
AUTOR_SEXO=1 & CS_RACA=2 & ORIENT_SEX=1,3,0.05494
CS_RACA=1 & ORIENT_SEX=8 & REDE_SAU=1,3,0.05464
CS_ESCOL_N=10 & OUT_VEZES=2 & SIT_CONJUG=8,3,0.0545
AUTOR_SEXO=1 & ORIENT_SEX=1 & SG_UF=33,3,0.05416
AG_AMEACA=2 & CS_ESCOL_N=09 & REDE_SAU=2,3,0.05404
CS_ESCOL_N=10 & ORIENT_SEX=8 & OUT_VEZES=2,3,0.05396
CS_RACA=4 & REDE_SAU=1 & SIT_CONJUG=8,3,0.05388
CS_RACA=1 & REDE_SAU=1 & SIT_CONJUG=2,3,0.05372
AG_AMEACA=2 & CS_ESCOL_N=06 & CS_RACA=4,3,0.05358
AUTOR_SEXO=1 & CS_ESCOL_N=06 & SIT_CONJUG=2,3,0.05348
CS_ESCOL_N=10 & CS_RACA=4 & SIT_CONJUG=8,3,0.05346
OUT_VEZES=2 & REDE_SAU=2 & SIT_CONJUG=1,3,0.05336
AUTOR_SEXO=1 & CS_ESCOL_N=09 & REDE_SAU=2,3,0.05334
AUTOR_SEXO=1 & REDE_SAU=1 & SIT_CONJUG=8,3,0.05328
ORIENT_SEX=8 & OUT_VEZES=1 & SIT_CONJUG=8,3,0.05314
AG_AMEACA=2 & CS_ESCOL_N=09 & OUT_VEZES=2,3,0.05286
CS_ESCOL_N=10 & CS_RACA=4 & ORIENT_SEX=8,3,0.05274
CS_ESCOL_N=06 & REDE_SAU=1 & SIT_CONJUG=1,3,0.05266
OUT_VEZES=1 & REDE_SAU=2 & SIT_CONJUG=2,3,0.05252
CS_ESCOL_N=06 & OUT_VEZES=2 & REDE_SAU=1,3,0.05236
AG_AMEACA=2 & REDE_SAU=2 & SIT_CONJUG=8,3,0.0523
AG_AMEACA=2 & REDE_SAU=2 & SIT_CONJUG=2,3,0.0522
AUTOR_SEXO=2 & OUT_VEZES=2 & REDE_SAU=1,3,0.052
AG_AMEACA=1 & CS_RACA=4 & REDE_SAU=2,3,0.0516
AG_AMEACA=1 & AUTOR_SEXO=1 & CS_ESCOL_N=06,3,0.0515
AG_AMEACA=2 & CS_ESCOL_N=06 & CS_RACA=1,3,0.0514
AG_AMEACA=2 & CS_ESCOL_N=09 & SIT_CONJUG=1,3,0.05126
OUT_VEZES=2 & REDE_SAU=1 & SIT_CONJUG=8,3,0.05124
AUTOR_SEXO=2 & ORIENT_SEX=1 & REDE_SAU=1,3,0.05122
CS_ESCOL_N=09 & CS_RACA=4 & ORIENT_SEX=1,3,0.0511
AUTOR_SEXO=1 & CS_ESCOL_N=06 & SG_UF=35,3,0.05094
AG_AMEACA=1 & OUT_VEZES=1 & SIT_CONJUG=2,3,0.05084
AG_AMEACA=1 & CS_RACA=4 & REDE_SAU=1,3,0.05072
AG_AMEACA=2 & CS_ESCOL_N=09 & CS_RACA=1,3,0.0506
AG_AMEACA=1 & CS_ESCOL_N=06 & ORIENT_SEX=1,3,0.05042
AG_AMEACA=2 & CS_ESCOL_N=10 & OUT_VEZES=2,3,0.0504
CS_RACA=1 & OUT_VEZES=1 & SIT_CONJUG=2,3,0.05024
AG_AMEACA=1 & REDE_SAU=1 & SIT_CONJUG=1,3,0.05004
CS_RACA=1 & REDE_SAU=1 & SIT_CONJUG=8,3,0.04988
CS_ESCOL_N=03 & ORIENT_SEX=1 & OUT_VEZES=1,3,0.04982
AG_AMEACA=2 & AUTOR_SEXO=1 & CS_RACA=2,3,0.04978
CS_RACA=1 & SG_UF=35 & SIT_CONJUG=1,3,0.04952
AG_AMEACA=2 & CS_ESCOL_N=05 & ORIENT_SEX=1,3,0.04938
AG_AMEACA=2 & CS_ESCOL_N=03 & CS_RACA=4,3,0.04914
AG_AMEACA=2 & AUTOR_SEXO=1 & CS_ESCOL_N=05,3,0.04904
AG_AMEACA=2 & CS_ESCOL_N=06 & SG_UF=35,3,0.049
AG_AMEACA=2 & ORIENT_SEX=8 & OUT_VEZES=1,3,0.04882
AG_AMEACA=1 & CS_RACA=1 & REDE_SAU=1,3,0.04866
CS_ESCOL_N=10 & CS_RACA=1 & SIT_CONJUG=8,3,0.04866
CS_ESCOL_N=03 & REDE_SAU=1 & SIT_CONJUG=1,3,0.04856
AG_AMEACA=2 & SG_UF=35 & SIT_CONJUG=2,3,0.04854
OUT_VEZES=2 & SG_UF=35 & SIT_CONJUG=1,3,0.04846
AG_AMEACA=2 & CS_ESCOL_N=06 & OUT_VEZES=1,3,0.04842
CS_ESCOL_N=10 & CS_RACA=1 & ORIENT_SEX=8,3,0.04838
AG_AMEACA=2 & AUTOR_SEXO=2 & SIT_CONJUG=1,3,0.04822
AG_AMEACA=1 & CS_RACA=4 & SIT_CONJUG=1,3,0.04816
CS_ESCOL_N=06 & REDE_SAU=1 & SG_UF=35,3,0.04788
CS_ESCOL_N=06 & CS_RACA=1 & REDE_SAU=1,3,0.04784
CS_ESCOL_N=06 & OUT_VEZES=1 & REDE_SAU=1,3,0.04768
OUT_VEZES=2 & REDE_SAU=1 & SIT_CONJUG=2,3,0.04768
CS_ESCOL_N=06 & CS_RACA=4 & REDE_SAU=1,3,0.04744
CS_ESCOL_N=03 & CS_RACA=4 & ORIENT_SEX=1,3,0.04742
CS_RACA=1 & REDE_SAU=2 & SIT_CONJUG=1,3,0.0472
AG_AMEACA=2 & CS_ESCOL_N=09 & OUT_VEZES=1,3,0.04712
AG_AMEACA=1 & REDE_SAU=2 & SIT_CONJUG=1,3,0.04686
REDE_SAU=1 & SG_UF=35 & SIT_CONJUG=2,3,0.0466
AG_AMEACA=2 & AUTOR_SEXO=2 & ORIENT_SEX=8,3,0.04632
AUTOR_SEXO=1 & REDE_SAU=2 & SG_UF=35,3,0.0463
AG_AMEACA=2 & REDE_SAU=2 & SG_UF=35,3,0.04608
AG_AMEACA=2 & CS_ESCOL_N=10 & CS_RACA=4,3,0.04582
AUTOR_SEXO=1 & CS_RACA=4 & ORIENT_SEX=8,3,0.04582
AUTOR_SEXO=1 & CS_ESCOL_N=09 & SIT_CONJUG=1,3,0.04566
AUTOR_SEXO=2 & ORIENT_SEX=8 & SIT_CONJUG=8,3,0.0456
AG_AMEACA=2 & ORIENT_SEX=1 & SG_UF=33,3,0.04558
AG_AMEACA=2 & AUTOR_SEXO=2 & REDE_SAU=2,3,0.0452
AG_AMEACA=2 & CS_ESCOL_N=03 & OUT_VEZES=1,3,0.04514
AUTOR_SEXO=1 & CS_ESCOL_N=09 & CS_RACA=1,3,0.04506
CS_RACA=1 & OUT_VEZES=2 & REDE_SAU=2,3,0.04502
AG_AMEACA=2 & AUTOR_SEXO=1 & SG_UF=31,3,0.04498
AG_AMEACA=2 & AUTOR_SEXO=3 & REDE_SAU=1,3,0.04468
AG_AMEACA=1 & AUTOR_SEXO=1 & OUT_VEZES=2,3,0.0445
AUTOR_SEXO=2 & ORIENT_SEX=1 & OUT_VEZES=2,3,0.04442
AG_AMEACA=2 & CS_RACA=2 & ORIENT_SEX=1,3,0.0444
CS_ESCOL_N=09 & ORIENT_SEX=1 & OUT_VEZES=1,3,0.04416
AUTOR_SEXO=2 & CS_RACA=4 & REDE_SAU=1,3,0.04394
AUTOR_SEXO=2 & CS_RACA=1 & REDE_SAU=1,3,0.04386
AG_AMEACA=2 & REDE_SAU=1 & SG_UF=33,3,0.04378
AUTOR_SEXO=1 & CS_ESCOL_N=05 & REDE_SAU=1,3,0.0437
CS_ESCOL_N=05 & ORIENT_SEX=1 & SIT_CONJUG=1,3,0.0437
CS_ESCOL_N=05 & ORIENT_SEX=1 & REDE_SAU=1,3,0.04366
AG_AMEACA=2 & OUT_VEZES=1 & SIT_CONJUG=8,3,0.0436
AG_AMEACA=2 & REDE_SAU=1 & SG_UF=31,3,0.04318
AUTOR_SEXO=1 & CS_ESCOL_N=05 & SIT_CONJUG=1,3,0.04294
AG_AMEACA=2 & CS_ESCOL_N=10 & CS_RACA=1,3,0.0428
AUTOR_SEXO=1 & ORIENT_SEX=8 & OUT_VEZES=1,3,0.04254
AG_AMEACA=2 & CS_ESCOL_N=05 & REDE_SAU=1,3,0.04254
CS_ESCOL_N=06 & OUT_VEZES=2 & SIT_CONJUG=1,3,0.04252
AG_AMEACA=2 & CS_RACA=1 & SG_UF=41,3,0.04244
AUTOR_SEXO=1 & ORIENT_SEX=1 & SIT_CONJUG=4,3,0.04242
ORIENT_SEX=1 & REDE_SAU=2 & SG_UF=35,3,0.0424
CS_RACA=4 & ORIENT_SEX=8 & OUT_VEZES=2,3,0.04236
AG_AMEACA=2 & AUTOR_SEXO=2 & SIT_CONJUG=8,3,0.04234
AUTOR_SEXO=1 & CS_ESCOL_N=10 & SIT_CONJUG=8,3,0.04232
AUTOR_SEXO=1 & OUT_VEZES=1 & SG_UF=33,3,0.04224
AUTOR_SEXO=1 & CS_RACA=2 & REDE_SAU=1,3,0.04216
AUTOR_SEXO=1 & REDE_SAU=1 & SG_UF=33,3,0.04208
AG_AMEACA=2 & CS_RACA=2 & REDE_SAU=1,3,0.04202
AUTOR_SEXO=1 & CS_ESCOL_N=10 & ORIENT_SEX=8,3,0.04192
CS_ESCOL_N=09 & ORIENT_SEX=1 & SIT_CONJUG=1,3,0.04188
CS_ESCOL_N=03 & OUT_VEZES=1 & REDE_SAU=1,3,0.04172
AUTOR_SEXO=1 & CS_RACA=2 & OUT_VEZES=1,3,0.0414
AUTOR_SEXO=2 & ORIENT_SEX=1 & SIT_CONJUG=1,3,0.04138
AG_AMEACA=1 & ORIENT_SEX=1 & OUT_VEZES=2,3,0.04138
AG_AMEACA=2 & CS_ESCOL_N=06 & SIT_CONJUG=2,3,0.04138
CS_ESCOL_N=06 & CS_RACA=4 & OUT_VEZES=1,3,0.04136
AG_AMEACA=1 & AUTOR_SEXO=1 & SG_UF=35,3,0.04134
AG_AMEACA=2 & CS_ESCOL_N=05 & SIT_CONJUG=1,3,0.04124
AUTOR_SEXO=1 & CS_ESCOL_N=09 & SIT_CONJUG=2,3,0.04122
CS_ESCOL_N=06 & CS_RACA=4 & SIT_CONJUG=1,3,0.04112
AG_AMEACA=1 & CS_RACA=1 & REDE_SAU=2,3,0.04108
CS_RACA=4 & OUT_VEZES=1 & SG_UF=35,3,0.04072
ORIENT_SEX=8 & OUT_VEZES=1 & REDE_SAU=1,3,0.04062
AUTOR_SEXO=1 & CS_ESCOL_N=09 & OUT_VEZES=2,3,0.04058
AG_AMEACA=1 & ORIENT_SEX=1 & SG_UF=35,3,0.04058
CS_RACA=4 & REDE_SAU=2 & SIT_CONJUG=2,3,0.04058
AG_AMEACA=1 & CS_ESCOL_N=06 & OUT_VEZES=1,3,0.04056
OUT_VEZES=1 & SG_UF=35 & SIT_CONJUG=1,3,0.04052
CS_ESCOL_N=06 & OUT_VEZES=1 & REDE_SAU=2,3,0.0405
AG_AMEACA=2 & REDE_SAU=1 & SG_UF=41,3,0.04048
CS_ESCOL_N=03 & CS_RACA=4 & REDE_SAU=1,3,0.04028
AUTOR_SEXO=1 & ORIENT_SEX=1 & SG_UF=31,3,0.04012
CS_ESCOL_N=03 & OUT_VEZES=1 & SIT_CONJUG=1,3,0.0401
CS_ESCOL_N=09 & ORIENT_SEX=1 & REDE_SAU=2,3,0.04
AUTOR_SEXO=1 & CS_ESCOL_N=03 & REDE_SAU=2,3,0.03996
CS_ESCOL_N=09 & CS_RACA=1 & REDE_SAU=1,3,0.03984
AG_AMEACA=2 & CS_ESCOL_N=03 & OUT_VEZES=2,3,0.03972
CS_ESCOL_N=09 & OUT_VEZES=2 & REDE_SAU=1,3,0.03968
CS_ESCOL_N=03 & CS_RACA=4 & SIT_CONJUG=1,3,0.03962
AUTOR_SEXO=1 & CS_RACA=4 & SIT_CONJUG=8,3,0.0395
CS_ESCOL_N=09 & REDE_SAU=1 & SIT_CONJUG=1,3,0.03932
AUTOR_SEXO=1 & CS_RACA=1 & ORIENT_SEX=8,3,0.03914
CS_ESCOL_N=09 & ORIENT_SEX=1 & SIT_CONJUG=2,3,0.03904
AUTOR_SEXO=1 & REDE_SAU=1 & SG_UF=31,3,0.03904
AG_AMEACA=2 & AUTOR_SEXO=1 & SG_UF=41,3,0.03872
CS_ESCOL_N=06 & OUT_VEZES=1 & SIT_CONJUG=1,3,0.03872
CS_RACA=2 & ORIENT_SEX=1 & REDE_SAU=1,3,0.03854
CS_ESCOL_N=10 & REDE_SAU=2 & SIT_CONJUG=8,3,0.03838
CS_ESCOL_N=09 & ORIENT_SEX=1 & OUT_VEZES=2,3,0.03836
AUTOR_SEXO=1 & ORIENT_SEX=1 & SG_UF=41,3,0.0383
CS_ESCOL_N=09 & CS_RACA=1 & ORIENT_SEX=1,3,0.03828
AUTOR_SEXO=2 & REDE_SAU=1 & SIT_CONJUG=1,3,0.03822
AUTOR_SEXO=1 & CS_ESCOL_N=05 & OUT_VEZES=1,3,0.0382
AG_AMEACA=2 & CS_ESCOL_N=06 & REDE_SAU=2,3,0.0381
AUTOR_SEXO=1 & ORIENT_SEX=8 & OUT_VEZES=2,3,0.03806
CS_ESCOL_N=10 & ORIENT_SEX=8 & REDE_SAU=2,3,0.03798
AUTOR_SEXO=1 & SG_UF=33 & SIT_CONJUG=1,3,0.03788
CS_ESCOL_N=06 & REDE_SAU=1 & SIT_CONJUG=2,3,0.03776
AG_AMEACA=2 & CS_RACA=4 & SG_UF=33,3,0.03766
CS_RACA=1 & ORIENT_SEX=8 & OUT_VEZES=2,3,0.03744
AG_AMEACA=2 & CS_ESCOL_N=09 & SIT_CONJUG=2,3,0.03738
AUTOR_SEXO=1 & CS_RACA=4 & SG_UF=33,3,0.0371
ORIENT_SEX=8 & SG_UF=35 & SIT_CONJUG=8,3,0.037
CS_ESCOL_N=09 & OUT_VEZES=1 & REDE_SAU=1,3,0.0369
CS_ESCOL_N=03 & CS_RACA=4 & OUT_VEZES=1,3,0.03688
AUTOR_SEXO=2 & CS_RACA=4 & OUT_VEZES=2,3,0.03682
ORIENT_SEX=1 & SG_UF=33 & SIT_CONJUG=1,3,0.0368
AG_AMEACA=2 & ORIENT_SEX=1 & SG_UF=31,3,0.03672
CS_RACA=4 & OUT_VEZES=2 & SIT_CONJUG=8,3,0.0367
ORIENT_SEX=1 & REDE_SAU=1 & SG_UF=33,3,0.03668
CS_ESCOL_N=06 & CS_RACA=1 & OUT_VEZES=1,3,0.0366
CS_RACA=4 & OUT_VEZES=2 & SG_UF=35,3,0.03654
AG_AMEACA=2 & ORIENT_SEX=8 & SG_UF=35,3,0.03648
AUTOR_SEXO=1 & ORIENT_SEX=8 & REDE_SAU=2,3,0.03644
AG_AMEACA=2 & AUTOR_SEXO=2 & OUT_VEZES=1,3,0.03632
AUTOR_SEXO=1 & OUT_VEZES=1 & SIT_CONJUG=8,3,0.0363
AUTOR_SEXO=1 & CS_ESCOL_N=03 & OUT_VEZES=2,3,0.03614
OUT_VEZES=1 & REDE_SAU=1 & SIT_CONJUG=8,3,0.03612
CS_ESCOL_N=05 & ORIENT_SEX=1 & OUT_VEZES=1,3,0.0361
CS_RACA=2 & ORIENT_SEX=1 & OUT_VEZES=1,3,0.03606
CS_ESCOL_N=10 & OUT_VEZES=2 & REDE_SAU=1,3,0.03598
AG_AMEACA=2 & AUTOR_SEXO=2 & SG_UF=35,3,0.0359
AUTOR_SEXO=1 & CS_RACA=1 & SG_UF=41,3,0.03586
OUT_VEZES=1 & SG_UF=35 & SIT_CONJUG=2,3,0.03584
AG_AMEACA=2 & SG_UF=33 & SIT_CONJUG=1,3,0.03582
AG_AMEACA=1 & CS_RACA=1 & SIT_CONJUG=1,3,0.0358
AUTOR_SEXO=1 & CS_RACA=2 & SIT_CONJUG=1,3,0.0358
AUTOR_SEXO=1 & CS_ESCOL_N=05 & CS_RACA=4,3,0.03564
CS_ESCOL_N=06 & OUT_VEZES=1 & SIT_CONJUG=2,3,0.0356
CS_ESCOL_N=05 & REDE_SAU=1 & SIT_CONJUG=1,3,0.0355
AUTOR_SEXO=3 & ORIENT_SEX=8 & SIT_CONJUG=8,3,0.03542
AG_AMEACA=2 & REDE_SAU=2 & SG_UF=33,3,0.03536
AG_AMEACA=2 & CS_ESCOL_N=09 & SG_UF=35,3,0.03526
CS_ESCOL_N=05 & CS_RACA=4 & ORIENT_SEX=1,3,0.03524
AG_AMEACA=1 & REDE_SAU=1 & SG_UF=35,3,0.03504
CS_RACA=2 & ORIENT_SEX=1 & SIT_CONJUG=1,3,0.03502
AG_AMEACA=2 & SG_UF=35 & SIT_CONJUG=8,3,0.035
AG_AMEACA=1 & OUT_VEZES=2 & REDE_SAU=1,3,0.03496
ORIENT_SEX=1 & OUT_VEZES=1 & SG_UF=33,3,0.03492
AUTOR_SEXO=2 & CS_RACA=1 & OUT_VEZES=2,3,0.03486
AUTOR_SEXO=2 & CS_ESCOL_N=10 & SIT_CONJUG=8,3,0.03474
CS_RACA=1 & OUT_VEZES=2 & SIT_CONJUG=8,3,0.0347
CS_RACA=4 & SG_UF=35 & SIT_CONJUG=1,3,0.03468
AUTOR_SEXO=1 & CS_ESCOL_N=04 & ORIENT_SEX=1,3,0.03464
AG_AMEACA=2 & AUTOR_SEXO=1 & CS_ESCOL_N=10,3,0.0345
AUTOR_SEXO=2 & CS_ESCOL_N=10 & ORIENT_SEX=8,3,0.03438
CS_ESCOL_N=06 & CS_RACA=4 & OUT_VEZES=2,3,0.03432
AUTOR_SEXO=1 & CS_RACA=1 & SIT_CONJUG=8,3,0.0342
CS_ESCOL_N=10 & CS_RACA=4 & REDE_SAU=1,3,0.0342
AG_AMEACA=1 & REDE_SAU=1 & SIT_CONJUG=2,3,0.03408
AG_AMEACA=2 & ORIENT_SEX=1 & SG_UF=41,3,0.03398
CS_RACA=4 & OUT_VEZES=2 & SIT_CONJUG=2,3,0.03392
AUTOR_SEXO=2 & OUT_VEZES=2 & SIT_CONJUG=1,3,0.03392
CS_RACA=4 & ORIENT_SEX=8 & REDE_SAU=2,3,0.03392
CS_ESCOL_N=06 & CS_RACA=1 & SIT_CONJUG=1,3,0.0339
CS_ESCOL_N=06 & CS_RACA=1 & SG_UF=35,3,0.03382
AUTOR_SEXO=1 & CS_ESCOL_N=03 & CS_RACA=1,3,0.03366
AG_AMEACA=2 & CS_ESCOL_N=10 & REDE_SAU=2,3,0.03348
AG_AMEACA=2 & AUTOR_SEXO=3 & ORIENT_SEX=8,3,0.03342
CS_RACA=1 & SG_UF=35 & SIT_CONJUG=2,3,0.03336
CS_ESCOL_N=03 & ORIENT_SEX=1 & OUT_VEZES=2,3,0.03336
CS_RACA=1 & REDE_SAU=2 & SG_UF=35,3,0.03326
CS_RACA=1 & REDE_SAU=1 & SG_UF=41,3,0.03324
AG_AMEACA=2 & CS_ESCOL_N=03 & REDE_SAU=2,3,0.03322
CS_ESCOL_N=10 & CS_RACA=1 & REDE_SAU=1,3,0.0332
ORIENT_SEX=1 & REDE_SAU=1 & SG_UF=31,3,0.03308
AUTOR_SEXO=2 & CS_RACA=4 & ORIENT_SEX=1,3,0.03306
AG_AMEACA=2 & OUT_VEZES=2 & SG_UF=33,3,0.03306
AUTOR_SEXO=2 & CS_RACA=1 & ORIENT_SEX=1,3,0.033
AG_AMEACA=2 & CS_ESCOL_N=03 & CS_RACA=1,3,0.03298
AUTOR_SEXO=1 & REDE_SAU=2 & SG_UF=33,3,0.03296
AG_AMEACA=1 & OUT_VEZES=1 & SG_UF=35,3,0.03292
AG_AMEACA=2 & CS_RACA=4 & SG_UF=31,3,0.03292
CS_ESCOL_N=09 & CS_RACA=4 & REDE_SAU=2,3,0.03286
CS_ESCOL_N=03 & ORIENT_SEX=1 & REDE_SAU=2,3,0.03284
AG_AMEACA=1 & REDE_SAU=2 & SIT_CONJUG=2,3,0.03282
CS_ESCOL_N=06 & CS_RACA=4 & REDE_SAU=2,3,0.03272
AG_AMEACA=2 & OUT_VEZES=1 & SG_UF=33,3,0.03266
AUTOR_SEXO=1 & OUT_VEZES=2 & SIT_CONJUG=8,3,0.03266
AUTOR_SEXO=2 & REDE_SAU=1 & SG_UF=35,3,0.0326
CS_RACA=1 & REDE_SAU=2 & SIT_CONJUG=2,3,0.03258
CS_ESCOL_N=06 & CS_RACA=1 & OUT_VEZES=2,3,0.03252
AG_AMEACA=2 & CS_ESCOL_N=05 & CS_RACA=4,3,0.03252
ORIENT_SEX=8 & REDE_SAU=1 & SG_UF=35,3,0.0323
CS_ESCOL_N=06 & REDE_SAU=2 & SIT_CONJUG=1,3,0.03218
AG_AMEACA=2 & AUTOR_SEXO=3 & SIT_CONJUG=8,3,0.03214
OUT_VEZES=1 & REDE_SAU=2 & SG_UF=35,3,0.03206
CS_RACA=1 & ORIENT_SEX=1 & SG_UF=41,3,0.032
AUTOR_SEXO=2 & ORIENT_SEX=8 & REDE_SAU=1,3,0.0319
CS_ESCOL_N=09 & CS_RACA=4 & OUT_VEZES=2,3,0.03172
CS_ESCOL_N=03 & OUT_VEZES=2 & REDE_SAU=1,3,0.03172
AG_AMEACA=2 & CS_RACA=2 & SIT_CONJUG=1,3,0.0317
AG_AMEACA=2 & CS_ESCOL_N=05 & OUT_VEZES=2,3,0.0317
AUTOR_SEXO=1 & OUT_VEZES=1 & SIT_CONJUG=4,3,0.03162
CS_ESCOL_N=09 & CS_RACA=4 & SIT_CONJUG=1,3,0.0316
AG_AMEACA=2 & AUTOR_SEXO=2 & CS_ESCOL_N=10,3,0.0315
CS_RACA=4 & REDE_SAU=1 & SG_UF=33,3,0.03128
REDE_SAU=1 & SG_UF=35 & SIT_CONJUG=8,3,0.03122
AUTOR_SEXO=1 & REDE_SAU=1 & SG_UF=41,3,0.03116
AUTOR_SEXO=1 & CS_ESCOL_N=09 & SG_UF=35,3,0.03114
AG_AMEACA=2 & CS_ESCOL_N=09 & SG_UF=33,3,0.0311
AG_AMEACA=2 & AUTOR_SEXO=3 & OUT_VEZES=2,3,0.0311
CS_ESCOL_N=06 & OUT_VEZES=1 & SG_UF=35,3,0.03104
ORIENT_SEX=1 & OUT_VEZES=1 & SIT_CONJUG=4,3,0.031
CS_RACA=4 & ORIENT_SEX=1 & SG_UF=33,3,0.03096
AUTOR_SEXO=1 & REDE_SAU=2 & SIT_CONJUG=8,3,0.03088
AUTOR_SEXO=1 & CS_RACA=4 & SG_UF=31,3,0.03072
AG_AMEACA=1 & CS_RACA=4 & SIT_CONJUG=2,3,0.03072
CS_RACA=4 & REDE_SAU=2 & SIT_CONJUG=8,3,0.03052
AUTOR_SEXO=2 & OUT_VEZES=1 & REDE_SAU=1,3,0.03052
AG_AMEACA=2 & CS_ESCOL_N=04 & ORIENT_SEX=1,3,0.03038
CS_ESCOL_N=03 & CS_RACA=1 & REDE_SAU=1,3,0.0303
ORIENT_SEX=8 & OUT_VEZES=2 & REDE_SAU=2,3,0.03028
AUTOR_SEXO=1 & CS_RACA=1 & SG_UF=43,3,0.03024
AUTOR_SEXO=1 & CS_RACA=2 & REDE_SAU=2,3,0.03014
AG_AMEACA=2 & AUTOR_SEXO=1 & CS_ESCOL_N=04,3,0.03014
CS_ESCOL_N=09 & OUT_VEZES=1 & REDE_SAU=2,3,0.03012
AG_AMEACA=2 & AUTOR_SEXO=3 & CS_RACA=4,3,0.03012
CS_ESCOL_N=05 & ORIENT_SEX=1 & OUT_VEZES=2,3,0.03006
